Boundary, X, Y
pos_x_avg, 13.4346, 0.957018
neg_x_avg, -11.467, 0.985464
pos_y_avg, 0.924444, 19.1462
neg_y_avg, 0.997485, -17.1711
