Boundary, X, Y
pos_x_avg, 12.2886, -0.197687
neg_x_avg, -12.1659, 0.565708
pos_y_avg, 0.784846, 18.5631
neg_y_avg, -0.160556, -18.2094
