Boundary, X, Y
pos_x_avg, 13.4772, 0.845036
neg_x_avg, -11.5065, 0.90599
pos_y_avg, 0.996835, 19.1614
neg_y_avg, 0.854725, -17.2179
