Boundary, X, Y
pos_x_avg, 13.4998, 0.499086
neg_x_avg, -11.6573, 0.889891
pos_y_avg, -0.129939, 18.9765
neg_y_avg, 0.387024, -17.2203
