Boundary, X, Y
pos_x_avg, 13.3649, 0.0510552
neg_x_avg, -11.3493, 0.498984
pos_y_avg, 0.338291, 19.4166
neg_y_avg, 0.152894, -17.2965
