Boundary, X, Y
pos_x_avg, 18.1073, -0.574772
neg_x_avg, -17.8751, 0.425285
pos_y_avg, 0.308062, 12.3744
neg_y_avg, -0.880809, -11.9705
