Boundary, X, Y
pos_x_avg, 2.65114, 0.600652
neg_x_avg, -0.0370403, 0.074712
pos_y_avg, -0.133093, 0.420501
neg_y_avg, 0, 0
