Boundary, X, Y
pos_x_avg, 4.42528, 10.7083
neg_x_avg, -3.71177, -1.09387
pos_y_avg, 0.115358, 12.2772
neg_y_avg, -0.100899, -12.9245
