Boundary, X, Y
pos_x_avg, 18.4575, -0.468218
neg_x_avg, -18.3859, 0.455993
pos_y_avg, 0.512351, 12.0797
neg_y_avg, -0.340406, -12.3869
