Boundary, X, Y
pos_x_avg, 12.7819, 0.27683
neg_x_avg, -11.5087, 0.938079
pos_y_avg, 0.960536, 19.1641
neg_y_avg, 0.987928, -17.161
